[
  {
    "id": "to_burn",
    "spanish": "incendiar",
    "pronunciation": "",
    "infinitive": "burn",
    "past": "burned",
    "past_participle": "burned",
    "gerund": "burning",
    "image": "https://www.istockphoto.com/photo/burning-wooden-model-of-a-house-fire-cut-out-of-felt-copy-space-insurance-and-gm1318011395-405278103?utm_source=unsplash&utm_medium=affiliate&utm_campaign=srp_photos_zsr&utm_content=https%3A%2F%2Funsplash.com%2Fs%2Fphotos%2Fencender-casa&utm_term=encender+casa%3A%3Awallpapers-no-affiliates%3Acontrol%3A4233657c-d827-48f5-a26c-e119185e1abb"
  },
  {
    "id": "to_swing",
    "spanish": "balancear",
    "pronunciation": "",
    "infinitive": "swing",
    "past": "swung",
    "past_participle": "swung",
    "gerund": "swinging",
    "image": "https://unsplash.com/photos/girl-in-blue-hoodie-sitting-on-swing-under-cloudy-sky-during-daytime-FSQhX5lrkIg"
  },
  {
    "id": "to_leap",
    "spanish": "saltar",
    "pronunciation": "",
    "infinitive": "leap",
    "past": "leaped",
    "past_participle": "leapt",
    "gerund": "leaping",
    "image": "https://unsplash.com/photos/brave-man-with-backpack-jumping-over-rocks-near-ocean-in-sunset-HOCMHbo4QWE"
  },
  {
    "id": "to_get",
    "spanish": "obtener",
    "pronunciation": "",
    "infinitive": "get",
    "past": "got",
    "past_participle": "gotten",
    "gerund": "gotting",
    "image": "https://unsplash.com/photos/a-woman-holding-a-brown-box-with-a-brown-handle-hdfARe_u59s"
  },
  {
    "id": "to_throw",
    "spanish": "lanzar",
    "pronunciation": "",
    "infinitive": "throw",
    "past": "threw",
    "past_participle": "thrown",
    "gerund": "throwing",
    "image": "https://unsplash.com/photos/woman-in-black-mini-dress-standing-on-basketball-court-during-daytime-Ll9RwiWfQW8"
  }
]